"title","artist","url","source","key","detected_key","key_confidence","capo","tempo","difficulty","rating","genre","chord_content","chords_used","harmonic_map"
"Cinta Itu Buta","Armada","https://www.chordtela.com/2019/09/armada-cinta-itu-buta.html","chordtela","","B major","0.85","","","","","","
[Intro]
B E C#m F#   A-C
B E C#m F#

[Verse]
B
Salahkah bila aku mencintaimu
G#m
Dan berharap engkau kan jadi milikku
E                                            F#
Walau banyak yang bilang kau tak pantas untukku

B
Sayang ku mohon jangan tolak cintaku
G#m
Jiwa ragaku ini hanya untukkmu
E                                F#
Aku rela berkorban demi cintamu itu

[Pre-Chorus]
E
Biarlah orang berkata apa

[Chorus]
B    E     C#m       F#
oooh ooooo Manusia tiada yang sempurna
B    E     C#m       F#
oooh ooooo Ku terima kau apa adanya
B    E     C#m          F#
oooh ooooo Yang penting aku bahagia
B    E     C#m     F#
oooh ooooo oooh ooooo

B
Sayang ku mohon jangan tolak cintaku
G#m
Jiwa ragaku ini hanya untukkmu
E                                F#
Aku rela berkorban demi cintamu itu

[Pre-Chorus]
E
Biarlah orang berkata apa

[Chorus]
B    E     C#m       F#
oooh ooooo Manusia tiada yang sempurna
B    E     C#m       F#
oooh ooooo Ku terima kau apa adanya
B    E     C#m          F#
oooh ooooo Yang penting aku bahagia
B    E     C#m     F#
oooh ooooo oooh ooooo

[Interlude] 
G#m F# B
G#m F# E F#

[Pre-Chorus]
E
Biarlah orang berkata apa

[Interlude]
B    E     C#m F#
oooh ooooo 
B    E     C#m F#
oooh ooooo 

[Chorus]
B    E     C#m       F#
oooh ooooo Manusia tiada yang sempurna
B    E     C#m       F#
oooh ooooo Ku terima kau apa adanya
B    E     C#m          F#
oooh ooooo Yang penting aku bahagia
B    E     C#m     F#
oooh ooooo oooh ooooo

B    E     C#m       F#
oooh ooooo Manusia tiada yang sempurna
B    E     C#m       F#
oooh ooooo Ku terima kau apa adanya
B    E     C#m          F#
oooh ooooo Yang penting aku bahagia
B    E     C#m     F#
oooh ooooo oooh ooooo

E           F#       B
Sayang.. cinta itu buta","B, E, C#m, F#, G#m, A, C","{'B': {'roman': 'I', 'function': 'T', 'diatonic': True}, 'E': {'roman': 'IV', 'function': 'SD', 'diatonic': True}, 'C#m': {'roman': 'ii', 'function': 'SD', 'diatonic': True}, 'F#': {'roman': 'V', 'function': 'D', 'diatonic': True}, 'G#m': {'roman': 'vi', 'function': 'T', 'diatonic': True}, 'A': {'roman': 'bVII', 'function': 'SD', 'diatonic': False}, 'C': {'roman': 'bII', 'function': 'SD', 'diatonic': False}}"
